source,passage_id,duration_ms,min_cm,max_cm,mean_cm,std_cm,range_cm,mean_delta_cm,valid_samples,label
car_run_01,1,5507,52.17,93.26,69.47625000000001,13.119516890400346,41.09,5.288666666666667,16,car
car_run_01,2,4591,47.01,90.47,65.73307692307692,14.864448751514148,43.46,7.23,13,car
car_run_01,3,5203,46.51,92.82,66.67866666666667,15.329997550191871,46.31,6.581428571428572,15,car
car_run_01,4,5510,50.23,94.75,69.886875,14.39652506629204,44.52,5.896000000000001,16,car
car_run_01,5,4593,51.52,91.94,68.81461538461538,12.662866132839945,40.42,6.322499999999999,13,car
car_run_01,6,4593,53.75,88.73,68.75999999999999,11.933074270214762,34.980000000000004,5.825833333333335,13,car
car_run_01,7,4896,48.29,94.7,67.51571428571428,14.764939995178594,46.41,6.703846153846154,14,car
car_run_01,8,4900,52.26,91.94,69.43214285714286,12.349963665979766,39.68,5.831538461538462,14,car
car_run_01,9,5203,48.81,92.63,67.18733333333334,14.376767122301482,43.81999999999999,6.11142857142857,15,car
car_run_01,10,5812,44.45,94.36,66.35294117647058,16.231350117707354,49.91,6.222499999999999,17,car
car_run_01,11,4593,50.95,92.92,68.8923076923077,13.04202270405238,41.97,6.509999999999999,13,car
car_run_01,12,5200,47.45,88.58,64.81733333333334,13.49119785473312,41.13,5.777857142857142,15,car
car_run_01,13,5202,48.91,92.23,67.704,14.005963396591708,43.32000000000001,6.068571428571429,15,car
car_run_01,14,4595,50.94,92.03,68.64846153846155,13.940834786920508,41.09,6.799166666666667,13,car
car_run_01,15,4896,44.9,93.02,64.60571428571428,14.878923595036664,48.12,6.846153846153846,14,car
car_run_01,16,4896,46.72,86.71,64.26142857142858,12.863433699079426,39.99,6.05076923076923,14,car
car_run_01,17,4289,51.91,87.84,68.22583333333334,11.788944297047504,35.93000000000001,6.470909090909092,12,car
car_run_01,18,4592,50.23,94.2,69.05307692307693,13.670954828290515,43.970000000000006,6.815833333333334,13,car
car_run_01,19,4898,49.01,89.87,67.25357142857143,13.12795088304931,40.86000000000001,6.206923076923077,14,car
car_run_01,20,4591,46.91,90.55,65.25999999999999,14.020495985959544,43.64,6.941666666666666,13,car
car_run_01,21,5204,50.63,92.97,68.27466666666668,13.659916967374125,42.34,5.837857142857142,15,car
car_run_01,22,4593,48.81,94.39,67.76384615384615,14.278330832451903,45.58,7.0683333333333325,13,car
car_run_01,23,5199,44.74,86.61,62.93533333333333,13.646309814581947,41.87,5.935714285714285,15,car
car_run_01,24,5201,46.67,88.1,64.44066666666667,13.640200617618822,41.42999999999999,5.872142857142856,15,car
car_run_01,25,4286,49.6,89.52,67.11,12.780650739822809,39.92,6.9854545454545445,12,car
car_run_01,26,4595,54.88,91.65,70.72769230769231,12.567122645921508,36.77,6.116666666666667,13,car
car_run_01,27,4595,51.23,92.42,68.84538461538462,13.717595447164603,41.190000000000005,6.726666666666668,13,car
car_run_01,28,4901,52.02,94.15,69.3442857142857,13.05383671803905,42.13,6.008461538461538,14,car
car_run_01,29,4289,52.2,88.79,68.02833333333334,11.727446321438537,36.59,6.351818181818183,12,car
car_run_01,30,4288,46.17,90.02,64.79,13.979001514175945,43.85,7.479999999999999,12,car
car_run_01,31,5199,44.5,91.51,64.83066666666667,14.67421205910408,47.010000000000005,6.429285714285714,15,car
car_run_01,32,4898,47.3,89.73,66.15714285714286,13.522441362718617,42.43000000000001,6.4023076923076925,14,car
car_run_01,33,5203,48.81,91.51,66.326,13.527804354981878,42.7,5.792857142857143,15,car
motorcycle_run_01,1,3681,57.68,89.13,72.784,10.430897564447651,31.45,6.874444444444444,10,motorcycle
motorcycle_run_01,2,4594,55.75,93.02,72.35692307692308,11.890900454106385,37.27,5.9075,13,motorcycle
motorcycle_run_01,3,3985,57.78,90.55,72.42727272727274,10.825807625475417,32.77,6.347999999999999,11,motorcycle
motorcycle_run_01,4,3985,57.35,93.52,73.42636363636365,12.25146022668116,36.17,6.986999999999999,11,motorcycle
motorcycle_run_01,5,3985,56.94,93.12,73.04636363636365,12.565779122628156,36.18000000000001,7.123,11,motorcycle
motorcycle_run_01,6,4292,54.57,93.21,72.98583333333333,12.57385346551415,38.63999999999999,6.962727272727272,12,motorcycle
motorcycle_run_01,7,4294,58.33,94.75,74.41666666666667,11.55588330197605,36.42,6.276363636363637,12,motorcycle
motorcycle_run_01,8,3683,60.25,88.97,73.63,9.178359330512182,28.72,6.027777777777778,10,motorcycle
motorcycle_run_01,9,3682,58.86,90.12,73.09400000000001,9.994443656352264,31.260000000000005,6.442222222222223,10,motorcycle
motorcycle_run_01,10,3681,55.67,92.47,71.57000000000001,11.742907646745758,36.8,7.286666666666666,10,motorcycle
motorcycle_run_01,11,3985,56.32,88.0,70.31636363636363,10.832250897395804,31.68,6.188,11,motorcycle
motorcycle_run_01,12,4294,60.59,92.47,74.9575,10.21531132255237,31.879999999999995,5.51090909090909,12,motorcycle
motorcycle_run_01,13,4597,59.12,90.12,72.93384615384615,10.568997870012623,31.000000000000007,5.166666666666668,13,motorcycle
motorcycle_run_01,14,4291,56.9,93.12,73.47333333333333,11.71975706043242,36.220000000000006,6.34909090909091,12,motorcycle
motorcycle_run_01,15,3990,63.3,92.58,76.44727272727272,9.849694126223682,29.28,5.724000000000001,11,motorcycle
motorcycle_run_01,16,4296,61.96,93.42,76.55583333333334,10.14258469550812,31.46,5.59,12,motorcycle
motorcycle_run_01,17,3989,59.56,93.76,74.4890909090909,10.698103871541022,34.2,6.343000000000001,11,motorcycle
motorcycle_run_01,18,4599,58.77,94.39,74.25384615384615,11.487714868476164,35.62,5.6866666666666665,13,motorcycle
motorcycle_run_01,19,3989,62.07,92.23,75.25272727272728,9.489047361811972,30.160000000000004,5.465999999999999,11,motorcycle
motorcycle_run_01,20,3989,58.77,93.81,74.15272727272726,10.842382404174236,35.04,6.234999999999999,11,motorcycle
motorcycle_run_01,21,4291,57.4,91.89,72.52583333333332,10.978278142414784,34.49,5.830909090909091,12,motorcycle
motorcycle_run_01,22,3987,61.23,92.28,74.89272727272727,10.17193651975785,31.050000000000004,5.837000000000001,11,motorcycle
motorcycle_run_01,23,4594,56.3,90.12,71.32230769230769,11.29532657194399,33.82000000000001,5.550000000000001,13,motorcycle
motorcycle_run_01,24,3987,60.88,92.47,74.86272727272727,10.73835359897079,31.59,6.117999999999999,11,motorcycle
motorcycle_run_01,25,4903,56.7,94.5,73.43285714285715,12.153977261181057,37.8,5.576153846153845,14,motorcycle
motorcycle_run_01,26,4905,59.75,94.7,75.68857142857144,11.31909124137677,34.95,5.2700000000000005,14,motorcycle
motorcycle_run_01,27,4296,59.85,95.15,76.55583333333333,11.631780788235115,35.300000000000004,6.363636363636363,12,motorcycle
motorcycle_run_01,28,4599,59.65,93.36,74.58,10.212830542621752,33.71,5.085833333333333,13,motorcycle
motorcycle_run_01,29,4597,58.41,94.31,74.27461538461537,10.912024852910324,35.900000000000006,5.411666666666668,13,motorcycle
motorcycle_run_01,30,3987,57.4,93.12,73.12727272727273,11.303060800998749,35.720000000000006,6.513000000000001,11,motorcycle
motorcycle_run_01,31,3989,63.2,90.07,75.27727272727272,9.23714742558456,26.86999999999999,5.313999999999998,11,motorcycle
motorcycle_run_01,32,4598,60.15,92.87,74.73076923076923,10.54811865218588,32.720000000000006,5.2316666666666665,13,motorcycle
motorcycle_run_01,33,3989,61.83,91.15,74.88454545454546,9.60188368227474,29.320000000000007,5.646000000000001,11,motorcycle
truck_run_01,1,5500,43.22,87.05,59.294375,14.646229876981142,43.83,5.824666666666667,16,truck
truck_run_01,2,5504,46.03,90.36,62.1025,14.839931982660836,44.33,5.858,16,truck
truck_run_01,3,5805,43.9,93.31,61.29941176470589,15.290701315270102,49.41,5.8100000000000005,17,truck
truck_run_01,4,5498,38.33,91.44,57.00625,16.399379132683652,53.11,6.403333333333334,16,truck
truck_run_01,5,6107,39.43,88.68,57.44444444444444,15.777903755365612,49.25000000000001,5.655294117647059,18,truck
truck_run_01,6,5200,46.96,93.66,64.32466666666667,15.266895282131058,46.7,6.432142857142857,15,truck
truck_run_01,7,5801,37.85,92.39,57.02058823529411,16.853706686238013,54.54,6.406874999999999,17,truck
truck_run_01,8,5807,44.3,95.05,61.97823529411764,15.482703531700109,50.75,5.631875,17,truck
truck_run_01,9,5805,41.74,89.81,58.92470588235295,15.526592413415068,48.07,5.790625,17,truck
truck_run_01,10,6108,40.56,90.16,59.208888888888886,16.230575018529034,49.6,5.824117647058823,18,truck
truck_run_01,11,5804,40.51,93.66,59.34529411764706,16.52823150485861,53.15,6.275,17,truck
truck_run_01,12,5504,45.14,94.75,62.41375000000001,15.304533590982116,49.61,5.888,16,truck
truck_run_01,13,5196,40.99,91.46,59.18266666666668,16.190090988694973,50.46999999999999,6.772857142857143,15,truck
truck_run_01,14,6413,42.09,93.81,60.85736842105263,16.526048288146825,51.72,5.541666666666667,19,truck
truck_run_01,15,5809,43.85,93.96,62.72941176470589,16.735155835260386,50.10999999999999,6.260624999999999,17,truck
truck_run_01,16,5198,44.35,88.44,60.129333333333335,14.061799537122631,44.09,5.921428571428571,15,truck
truck_run_01,17,6106,39.57,86.81,57.20611111111111,15.333287369093748,47.24,5.543529411764705,18,truck
truck_run_01,18,5809,46.37,91.15,62.45176470588234,14.197417012505818,44.78000000000001,5.400625000000001,17,truck
truck_run_01,19,5804,39.17,93.26,59.30470588235295,17.79862787759943,54.09,6.6875,17,truck
truck_run_01,20,4891,41.69,85.82,57.39428571428572,14.45279988409844,44.13,6.457692307692308,14,truck
truck_run_01,21,5806,42.62,89.13,59.338235294117645,15.0645236684205,46.51,5.64125,17,truck
truck_run_01,22,5502,42.38,94.84,61.749375,16.725074166035107,52.46,6.624,16,truck
truck_run_01,23,4894,45.14,92.73,62.04642857142858,15.003580338012114,47.59,6.847692307692308,14,truck
truck_run_01,24,5809,45.43,90.95,61.1529411764706,14.1576077094742,45.52,5.2,17,truck
truck_run_01,25,5498,37.85,91.99,57.18000000000001,16.88350341309528,54.13999999999999,6.633333333333334,16,truck
truck_run_01,26,5198,45.98,88.49,61.85,13.76438399154378,42.51,5.942142857142857,15,truck
truck_run_01,27,4895,48.81,91.2,64.24000000000001,13.988370680165518,42.39,6.327692307692308,14,truck
truck_run_01,28,5501,43.61,93.31,61.24250000000001,16.04331071661956,49.7,6.364000000000001,16,truck
truck_run_01,29,5197,41.88,93.76,59.467333333333336,16.179609581884918,51.88,6.497857142857143,15,truck
truck_run_01,30,5499,40.8,86.32,57.520625,14.980079884946376,45.52,5.989999999999999,16,truck
truck_run_01,31,5801,39.77,88.58,57.69117647058823,15.878220333804986,48.81,6.021875,17,truck
truck_run_01,32,5505,46.32,92.92,62.947500000000005,15.21170786762617,46.6,6.02,16,truck
truck_run_01,33,4894,44.69,88.94,60.10642857142857,13.98772554121386,44.25,6.171538461538462,14,truck
motorcycle_run_02,1,3681,57.68,89.13,72.784,10.430897564447651,31.45,6.874444444444444,10,motorcycle
motorcycle_run_02,2,4594,55.75,93.02,72.35692307692308,11.890900454106385,37.27,5.9075,13,motorcycle
motorcycle_run_02,3,3985,57.78,90.55,72.42727272727274,10.825807625475417,32.77,6.347999999999999,11,motorcycle
motorcycle_run_02,4,3985,57.35,93.52,73.42636363636365,12.25146022668116,36.17,6.986999999999999,11,motorcycle
motorcycle_run_02,5,3985,56.94,93.12,73.04636363636365,12.565779122628156,36.18000000000001,7.123,11,motorcycle
motorcycle_run_02,6,4292,54.57,93.21,72.98583333333333,12.57385346551415,38.63999999999999,6.962727272727272,12,motorcycle
motorcycle_run_02,7,4294,58.33,94.75,74.41666666666667,11.55588330197605,36.42,6.276363636363637,12,motorcycle
motorcycle_run_02,8,3683,60.25,88.97,73.63,9.178359330512182,28.72,6.027777777777778,10,motorcycle
motorcycle_run_02,9,3682,58.86,90.12,73.09400000000001,9.994443656352264,31.260000000000005,6.442222222222223,10,motorcycle
motorcycle_run_02,10,3681,55.67,92.47,71.57000000000001,11.742907646745758,36.8,7.286666666666666,10,motorcycle
motorcycle_run_02,11,3985,56.32,88.0,70.31636363636363,10.832250897395804,31.68,6.188,11,motorcycle
motorcycle_run_02,12,4294,60.59,92.47,74.9575,10.21531132255237,31.879999999999995,5.51090909090909,12,motorcycle
motorcycle_run_02,13,4597,59.12,90.12,72.93384615384615,10.568997870012623,31.000000000000007,5.166666666666668,13,motorcycle
motorcycle_run_02,14,4291,56.9,93.12,73.47333333333333,11.71975706043242,36.220000000000006,6.34909090909091,12,motorcycle
motorcycle_run_02,15,3990,63.3,92.58,76.44727272727272,9.849694126223682,29.28,5.724000000000001,11,motorcycle
motorcycle_run_02,16,4296,61.96,93.42,76.55583333333334,10.14258469550812,31.46,5.59,12,motorcycle
motorcycle_run_02,17,3989,59.56,93.76,74.4890909090909,10.698103871541022,34.2,6.343000000000001,11,motorcycle
motorcycle_run_02,18,4599,58.77,94.39,74.25384615384615,11.487714868476164,35.62,5.6866666666666665,13,motorcycle
motorcycle_run_02,19,3989,62.07,92.23,75.25272727272728,9.489047361811972,30.160000000000004,5.465999999999999,11,motorcycle
motorcycle_run_02,20,3989,58.77,93.81,74.15272727272726,10.842382404174236,35.04,6.234999999999999,11,motorcycle
motorcycle_run_02,21,4291,57.4,91.89,72.52583333333332,10.978278142414784,34.49,5.830909090909091,12,motorcycle
motorcycle_run_02,22,3987,61.23,92.28,74.89272727272727,10.17193651975785,31.050000000000004,5.837000000000001,11,motorcycle
motorcycle_run_02,23,4594,56.3,90.12,71.32230769230769,11.29532657194399,33.82000000000001,5.550000000000001,13,motorcycle
motorcycle_run_02,24,3987,60.88,92.47,74.86272727272727,10.73835359897079,31.59,6.117999999999999,11,motorcycle
motorcycle_run_02,25,4903,56.7,94.5,73.43285714285715,12.153977261181057,37.8,5.576153846153845,14,motorcycle
motorcycle_run_02,26,4905,59.75,94.7,75.68857142857144,11.31909124137677,34.95,5.2700000000000005,14,motorcycle
motorcycle_run_02,27,4296,59.85,95.15,76.55583333333333,11.631780788235115,35.300000000000004,6.363636363636363,12,motorcycle
motorcycle_run_02,28,4599,59.65,93.36,74.58,10.212830542621752,33.71,5.085833333333333,13,motorcycle
motorcycle_run_02,29,4597,58.41,94.31,74.27461538461537,10.912024852910324,35.900000000000006,5.411666666666668,13,motorcycle
motorcycle_run_02,30,3987,57.4,93.12,73.12727272727273,11.303060800998749,35.720000000000006,6.513000000000001,11,motorcycle
motorcycle_run_02,31,3989,63.2,90.07,75.27727272727272,9.23714742558456,26.86999999999999,5.313999999999998,11,motorcycle
motorcycle_run_02,32,4598,60.15,92.87,74.73076923076923,10.54811865218588,32.720000000000006,5.2316666666666665,13,motorcycle
motorcycle_run_02,33,3989,61.83,91.15,74.88454545454546,9.60188368227474,29.320000000000007,5.646000000000001,11,motorcycle
motorcycle_run_02,34,4903,58.02,94.6,74.27214285714285,11.757277490116143,36.57999999999999,5.40076923076923,14,motorcycle
car_run_02,1,5507,52.17,93.26,69.47625000000001,13.119516890400346,41.09,5.288666666666667,16,car
car_run_02,2,4591,47.01,90.47,65.73307692307692,14.864448751514148,43.46,7.23,13,car
car_run_02,3,5203,46.51,92.82,66.67866666666667,15.329997550191871,46.31,6.581428571428572,15,car
car_run_02,4,5510,50.23,94.75,69.886875,14.39652506629204,44.52,5.896000000000001,16,car
car_run_02,5,4593,51.52,91.94,68.81461538461538,12.662866132839945,40.42,6.322499999999999,13,car
car_run_02,6,4593,53.75,88.73,68.75999999999999,11.933074270214762,34.980000000000004,5.825833333333335,13,car
car_run_02,7,4896,48.29,94.7,67.51571428571428,14.764939995178594,46.41,6.703846153846154,14,car
car_run_02,8,4900,52.26,91.94,69.43214285714286,12.349963665979766,39.68,5.831538461538462,14,car
car_run_02,9,5203,48.81,92.63,67.18733333333334,14.376767122301482,43.81999999999999,6.11142857142857,15,car
car_run_02,10,5812,44.45,94.36,66.35294117647058,16.231350117707354,49.91,6.222499999999999,17,car
car_run_02,11,4593,50.95,92.92,68.8923076923077,13.04202270405238,41.97,6.509999999999999,13,car
car_run_02,12,5200,47.45,88.58,64.81733333333334,13.49119785473312,41.13,5.777857142857142,15,car
car_run_02,13,5202,48.91,92.23,67.704,14.005963396591708,43.32000000000001,6.068571428571429,15,car
car_run_02,14,4595,50.94,92.03,68.64846153846155,13.940834786920508,41.09,6.799166666666667,13,car
car_run_02,15,4896,44.9,93.02,64.60571428571428,14.878923595036664,48.12,6.846153846153846,14,car
car_run_02,16,4896,46.72,86.71,64.26142857142858,12.863433699079426,39.99,6.05076923076923,14,car
car_run_02,17,4289,51.91,87.84,68.22583333333334,11.788944297047504,35.93000000000001,6.470909090909092,12,car
car_run_02,18,4592,50.23,94.2,69.05307692307693,13.670954828290515,43.970000000000006,6.815833333333334,13,car
car_run_02,19,4898,49.01,89.87,67.25357142857143,13.12795088304931,40.86000000000001,6.206923076923077,14,car
car_run_02,20,4591,46.91,90.55,65.25999999999999,14.020495985959544,43.64,6.941666666666666,13,car
car_run_02,21,5204,50.63,92.97,68.27466666666668,13.659916967374125,42.34,5.837857142857142,15,car
car_run_02,22,4593,48.81,94.39,67.76384615384615,14.278330832451903,45.58,7.0683333333333325,13,car
car_run_02,23,5199,44.74,86.61,62.93533333333333,13.646309814581947,41.87,5.935714285714285,15,car
car_run_02,24,5201,46.67,88.1,64.44066666666667,13.640200617618822,41.42999999999999,5.872142857142856,15,car
car_run_02,25,4286,49.6,89.52,67.11,12.780650739822809,39.92,6.9854545454545445,12,car
car_run_02,26,4595,54.88,91.65,70.72769230769231,12.567122645921508,36.77,6.116666666666667,13,car
car_run_02,27,4595,51.23,92.42,68.84538461538462,13.717595447164603,41.190000000000005,6.726666666666668,13,car
car_run_02,28,4901,52.02,94.15,69.3442857142857,13.05383671803905,42.13,6.008461538461538,14,car
car_run_02,29,4289,52.2,88.79,68.02833333333334,11.727446321438537,36.59,6.351818181818183,12,car
car_run_02,30,4288,46.17,90.02,64.79,13.979001514175945,43.85,7.479999999999999,12,car
car_run_02,31,5199,44.5,91.51,64.83066666666667,14.67421205910408,47.010000000000005,6.429285714285714,15,car
truck_run_02,1,5500,43.22,87.05,59.294375,14.646229876981142,43.83,5.824666666666667,16,truck
truck_run_02,2,5504,46.03,90.36,62.1025,14.839931982660836,44.33,5.858,16,truck
truck_run_02,3,5805,43.9,93.31,61.299411764705894,15.290701315270102,49.410000000000004,5.8100000000000005,17,truck
truck_run_02,4,5498,38.33,91.44,57.00625,16.399379132683652,53.11,6.403333333333334,16,truck
truck_run_02,5,6107,39.43,88.68,57.44444444444444,15.777903755365612,49.25000000000001,5.655294117647059,18,truck
truck_run_02,6,5200,46.96,93.66,64.32466666666667,15.266895282131058,46.699999999999996,6.432142857142857,15,truck
truck_run_02,7,5801,37.85,92.39,57.02058823529411,16.853706686238013,54.54,6.406874999999999,17,truck
truck_run_02,8,5807,44.3,95.05,61.97823529411764,15.482703531700109,50.75,5.631875,17,truck
truck_run_02,9,5805,41.74,89.81,58.924705882352946,15.526592413415067,48.07,5.7906249999999995,17,truck
truck_run_02,10,6108,40.56,90.16,59.208888888888886,16.230575018529034,49.599999999999994,5.824117647058823,18,truck
truck_run_02,11,5804,40.51,93.66,59.34529411764706,16.52823150485861,53.15,6.275,17,truck
truck_run_02,12,5504,45.14,94.75,62.41375000000001,15.304533590982116,49.61,5.888,16,truck
truck_run_02,13,5196,40.99,91.46,59.18266666666668,16.190090988694973,50.46999999999999,6.772857142857143,15,truck
truck_run_02,14,6413,42.09,93.81,60.85736842105263,16.526048288146825,51.72,5.541666666666667,19,truck
truck_run_02,15,5809,43.85,93.96,62.72941176470589,16.735155835260386,50.10999999999999,6.260624999999999,17,truck
truck_run_02,16,5198,44.35,88.44,60.129333333333335,14.061799537122631,44.089999999999996,5.921428571428571,15,truck
truck_run_02,17,6106,39.57,86.81,57.20611111111111,15.333287369093748,47.24,5.543529411764705,18,truck
truck_run_02,18,5809,46.37,91.15,62.45176470588234,14.197417012505818,44.78000000000001,5.400625000000001,17,truck
truck_run_02,19,5804,39.17,93.26,59.30470588235295,17.79862787759943,54.09,6.6875,17,truck
truck_run_02,20,4891,41.69,85.82,57.394285714285715,14.452799884098441,44.129999999999995,6.457692307692308,14,truck
truck_run_02,21,5806,42.62,89.13,59.338235294117645,15.064523668420499,46.51,5.64125,17,truck
truck_run_02,22,5502,42.38,94.84,61.749375,16.725074166035107,52.46,6.624,16,truck
truck_run_02,23,4894,45.14,92.73,62.04642857142858,15.003580338012114,47.59,6.8476923076923075,14,truck
truck_run_02,24,5809,45.43,90.95,61.1529411764706,14.1576077094742,45.52,5.2,17,truck
truck_run_02,25,5498,37.85,91.99,57.18000000000001,16.88350341309528,54.13999999999999,6.633333333333334,16,truck
truck_run_02,26,5198,45.98,88.49,61.849999999999994,13.76438399154378,42.51,5.942142857142857,15,truck
truck_run_02,27,4895,48.81,91.2,64.24000000000001,13.988370680165518,42.39,6.327692307692308,14,truck
